{
  "0": {
    "5": 0.5676000118255615,
    "8": 0.5708000063896179,
    "1": 0.5722000002861023,
    "3": 0.5884000062942505,
    "6": 0.5932999849319458,
    "4": 0.6065000295639038,
    "10": 0.6122999787330627,
    "0": 0.6295999884605408,
    "11": 0.6317999958992004,
    "7": 0.652400016784668,
    "2": 0.656499981880188,
    "9": 0.6693000197410583
  },
  "1": {
    "2": 0.26600000262260437,
    "4": 0.26649999618530273,
    "3": 0.30820000171661377,
    "9": 0.35350000858306885,
    "6": 0.36320000886917114,
    "1": 0.3977999985218048,
    "8": 0.4049000144004822,
    "10": 0.40549999475479126,
    "7": 0.42669999599456787,
    "11": 0.426800012588501,
    "0": 0.42910000681877136,
    "5": 0.4957999885082245
  },
  "2": {
    "0": 0.25279998779296875,
    "3": 0.2556999921798706,
    "4": 0.29159998893737793,
    "9": 0.35179999470710754,
    "5": 0.3686000108718872,
    "11": 0.3716999888420105,
    "8": 0.3833000063896179,
    "2": 0.4027000069618225,
    "6": 0.41190001368522644,
    "1": 0.41200000047683716,
    "7": 0.41370001435279846,
    "10": 0.42559999227523804
  },
  "3": {
    "1": 0.2248000055551529,
    "6": 0.2320999950170517,
    "9": 0.23420000076293945,
    "8": 0.24320000410079956,
    "3": 0.24480000138282776,
    "5": 0.24959999322891235,
    "11": 0.2549999952316284,
    "4": 0.295199990272522,
    "2": 0.30000001192092896,
    "7": 0.3353999853134155,
    "0": 0.36739999055862427,
    "10": 0.595300018787384
  },
  "4": {
    "4": 0.18230000138282776,
    "7": 0.2029999941587448,
    "0": 0.2378000020980835,
    "11": 0.23899999260902405,
    "3": 0.23999999463558197,
    "8": 0.2476000040769577,
    "10": 0.2506999969482422,
    "1": 0.2531000077724457,
    "2": 0.25699999928474426,
    "5": 0.28859999775886536,
    "9": 0.3012999892234802,
    "6": 0.35120001435279846
  },
  "5": {
    "10": 0.15029999613761902,
    "5": 0.1859000027179718,
    "2": 0.21060000360012054,
    "6": 0.21140000224113464,
    "0": 0.21150000393390656,
    "8": 0.21209999918937683,
    "7": 0.21289999783039093,
    "9": 0.21400000154972076,
    "11": 0.21799999475479126,
    "1": 0.22599999606609344,
    "4": 0.24150000512599945,
    "3": 0.32690000534057617
  },
  "6": {
    "2": 0.15880000591278076,
    "3": 0.16220000386238098,
    "1": 0.1623000055551529,
    "9": 0.1623000055551529,
    "11": 0.16290000081062317,
    "8": 0.16459999978542328,
    "0": 0.1687999963760376,
    "6": 0.17139999568462372,
    "4": 0.17180000245571136,
    "5": 0.1964000016450882,
    "10": 0.20479999482631683,
    "7": 0.21230000257492065
  },
  "7": {
    "0": 0.12970000505447388,
    "11": 0.1534000039100647,
    "7": 0.1670999974012375,
    "10": 0.17309999465942383,
    "8": 0.1754000037908554,
    "5": 0.17870000004768372,
    "4": 0.1818999946117401,
    "1": 0.18310000002384186,
    "3": 0.1876000016927719,
    "9": 0.19249999523162842,
    "6": 0.19509999454021454,
    "2": 0.1965000033378601
  },
  "8": {
    "8": 0.1151999980211258,
    "6": 0.12430000305175781,
    "7": 0.125,
    "0": 0.12849999964237213,
    "9": 0.13359999656677246,
    "10": 0.13600000739097595,
    "4": 0.1428000032901764,
    "3": 0.14710000157356262,
    "2": 0.14730000495910645,
    "1": 0.14790000021457672,
    "5": 0.14980000257492065,
    "11": 0.15299999713897705
  },
  "9": {
    "1": 0.12280000001192093,
    "0": 0.12470000237226486,
    "4": 0.1282999962568283,
    "6": 0.13429999351501465,
    "3": 0.13699999451637268,
    "11": 0.13930000364780426,
    "5": 0.13950000703334808,
    "9": 0.14020000398159027,
    "8": 0.1453000009059906,
    "7": 0.14980000257492065,
    "10": 0.1598999947309494,
    "2": 0.17910000681877136
  },
  "10": {
    "10": 0.1446000039577484,
    "0": 0.14650000631809235,
    "6": 0.15029999613761902,
    "7": 0.16660000383853912,
    "3": 0.1704999953508377,
    "11": 0.1770000010728836,
    "1": 0.18529999256134033,
    "9": 0.19480000436306,
    "4": 0.19779999554157257,
    "5": 0.2215999960899353,
    "2": 0.27250000834465027,
    "8": 0.28619998693466187
  },
  "11": {
    "8": 0.6215999722480774,
    "1": 0.6312000155448914,
    "7": 0.6366999745368958,
    "9": 0.6410999894142151,
    "10": 0.652899980545044,
    "11": 0.6657999753952026,
    "0": 0.6675000190734863,
    "6": 0.6700999736785889,
    "2": 0.6726999878883362,
    "3": 0.6811000108718872,
    "4": 0.7063999772071838,
    "5": 0.7408999800682068
  }
}