{
  "0": {
    "4": 0.0877000018954277,
    "5": 0.09080000221729279,
    "6": 0.09290000051259995,
    "11": 0.09470000118017197,
    "8": 0.09560000151395798,
    "1": 0.09809999912977219,
    "3": 0.09950000047683716,
    "0": 0.1039000004529953,
    "7": 0.11020000278949738,
    "10": 0.11479999870061874,
    "2": 0.12200000137090683,
    "9": 0.12600000202655792
  },
  "1": {
    "1": 0.08380000293254852,
    "4": 0.08420000225305557,
    "8": 0.0869000032544136,
    "6": 0.0892999991774559,
    "9": 0.08940000087022781,
    "0": 0.09210000187158585,
    "3": 0.09239999949932098,
    "7": 0.09309999644756317,
    "5": 0.09459999948740005,
    "11": 0.09510000050067902,
    "10": 0.10790000110864639,
    "2": 0.10890000313520432
  },
  "2": {
    "4": 0.0843999981880188,
    "0": 0.08500000089406967,
    "8": 0.08500000089406967,
    "11": 0.08569999784231186,
    "3": 0.08619999885559082,
    "1": 0.08699999749660492,
    "10": 0.08749999850988388,
    "5": 0.08810000121593475,
    "6": 0.08839999884366989,
    "9": 0.08950000256299973,
    "7": 0.09059999883174896,
    "2": 0.09189999848604202
  },
  "3": {
    "6": 0.08659999817609787,
    "1": 0.08669999986886978,
    "7": 0.08699999749660492,
    "2": 0.08730000257492065,
    "10": 0.08810000121593475,
    "0": 0.08879999816417694,
    "5": 0.08919999748468399,
    "8": 0.08959999680519104,
    "4": 0.09030000120401382,
    "9": 0.0925000011920929,
    "3": 0.093299999833107,
    "11": 0.0934000015258789
  },
  "4": {
    "6": 0.08290000259876251,
    "1": 0.0835999995470047,
    "3": 0.08389999717473984,
    "5": 0.08429999649524689,
    "0": 0.08619999885559082,
    "4": 0.08630000054836273,
    "2": 0.08669999986886978,
    "11": 0.0868000015616417,
    "9": 0.08749999850988388,
    "10": 0.08780000358819962,
    "7": 0.08810000121593475,
    "8": 0.0892999991774559
  },
  "5": {
    "6": 0.0843999981880188,
    "11": 0.08489999920129776,
    "10": 0.08569999784231186,
    "8": 0.08590000122785568,
    "3": 0.0860000029206276,
    "1": 0.08810000121593475,
    "0": 0.08839999884366989,
    "2": 0.08879999816417694,
    "5": 0.08919999748468399,
    "7": 0.08959999680519104,
    "4": 0.09099999815225601,
    "9": 0.09179999679327011
  },
  "6": {
    "10": 0.08320000022649765,
    "4": 0.08389999717473984,
    "3": 0.08579999953508377,
    "6": 0.08619999885559082,
    "0": 0.08640000224113464,
    "1": 0.08640000224113464,
    "11": 0.08669999986886978,
    "2": 0.08699999749660492,
    "8": 0.08709999918937683,
    "7": 0.08780000358819962,
    "9": 0.08860000222921371,
    "5": 0.08950000256299973
  },
  "7": {
    "5": 0.08449999988079071,
    "7": 0.08529999852180481,
    "2": 0.08579999953508377,
    "4": 0.0869000032544136,
    "8": 0.08860000222921371,
    "3": 0.08889999985694885,
    "11": 0.08889999985694885,
    "6": 0.08900000154972076,
    "10": 0.08959999680519104,
    "1": 0.08980000019073486,
    "0": 0.0908999964594841,
    "9": 0.09130000323057175
  },
  "8": {
    "0": 0.08569999784231186,
    "3": 0.08569999784231186,
    "7": 0.0860000029206276,
    "6": 0.0877000018954277,
    "1": 0.0877000018954277,
    "10": 0.08879999816417694,
    "8": 0.09009999781847,
    "5": 0.09009999781847,
    "9": 0.09059999883174896,
    "2": 0.09160000085830688,
    "11": 0.09220000356435776,
    "4": 0.09220000356435776
  },
  "9": {
    "4": 0.08630000054836273,
    "3": 0.08829999715089798,
    "6": 0.08839999884366989,
    "9": 0.08839999884366989,
    "0": 0.08900000154972076,
    "11": 0.08950000256299973,
    "5": 0.08980000019073486,
    "8": 0.09049999713897705,
    "10": 0.09099999815225601,
    "1": 0.09210000187158585,
    "2": 0.09239999949932098,
    "7": 0.09319999814033508
  },
  "10": {
    "8": 0.09070000052452087,
    "3": 0.09309999644756317,
    "1": 0.09480000287294388,
    "9": 0.09640000015497208,
    "11": 0.09669999778270721,
    "6": 0.09809999912977219,
    "4": 0.09830000251531601,
    "5": 0.09830000251531601,
    "2": 0.0997999981045723,
    "7": 0.10000000149011612,
    "0": 0.10010000318288803,
    "10": 0.10379999876022339
  },
  "11": {
    "7": 0.0925000011920929,
    "4": 0.09309999644756317,
    "3": 0.09719999879598618,
    "9": 0.09759999811649323,
    "1": 0.0982000008225441,
    "5": 0.09860000014305115,
    "0": 0.0989999994635582,
    "6": 0.09929999709129333,
    "2": 0.10019999742507935,
    "11": 0.10279999673366547,
    "10": 0.10679999738931656,
    "8": 0.10830000042915344
  }
}