{
  "0": {
    "7": 0.07660000026226044,
    "4": 0.08030000329017639,
    "0": 0.08060000091791153,
    "8": 0.08079999685287476,
    "3": 0.08160000294446945,
    "11": 0.08340000361204147,
    "5": 0.0835999995470047,
    "1": 0.0843999981880188,
    "9": 0.08579999953508377,
    "6": 0.0860000029206276,
    "10": 0.08709999918937683,
    "2": 0.09000000357627869
  },
  "1": {
    "11": 0.0803999975323677,
    "3": 0.08079999685287476,
    "5": 0.08129999786615372,
    "1": 0.08160000294446945,
    "10": 0.08250000327825546,
    "6": 0.08299999684095383,
    "0": 0.08340000361204147,
    "8": 0.08389999717473984,
    "7": 0.08399999886751175,
    "2": 0.08560000360012054,
    "4": 0.08669999986886978,
    "9": 0.0877000018954277
  },
  "2": {
    "0": 0.08129999786615372,
    "6": 0.08179999887943268,
    "10": 0.0835999995470047,
    "7": 0.08389999717473984,
    "3": 0.08410000056028366,
    "2": 0.08470000326633453,
    "4": 0.08510000258684158,
    "5": 0.08569999784231186,
    "1": 0.08590000122785568,
    "8": 0.08609999716281891,
    "11": 0.08640000224113464,
    "9": 0.08739999681711197
  },
  "3": {
    "6": 0.07980000227689743,
    "7": 0.08110000193119049,
    "2": 0.0820000022649765,
    "5": 0.08209999650716782,
    "10": 0.08219999819993973,
    "1": 0.08240000158548355,
    "0": 0.08309999853372574,
    "11": 0.08340000361204147,
    "8": 0.08399999886751175,
    "4": 0.0868000015616417,
    "3": 0.08730000257492065,
    "9": 0.08789999783039093
  },
  "4": {
    "2": 0.08049999922513962,
    "11": 0.08060000091791153,
    "7": 0.08110000193119049,
    "3": 0.08219999819993973,
    "6": 0.08240000158548355,
    "1": 0.08240000158548355,
    "4": 0.08259999752044678,
    "8": 0.08269999921321869,
    "10": 0.08370000123977661,
    "5": 0.08399999886751175,
    "9": 0.08420000225305557,
    "0": 0.08429999649524689
  },
  "5": {
    "8": 0.08190000057220459,
    "10": 0.0820000022649765,
    "6": 0.0820000022649765,
    "2": 0.08209999650716782,
    "5": 0.08229999989271164,
    "4": 0.08320000022649765,
    "0": 0.0835999995470047,
    "1": 0.0835999995470047,
    "3": 0.08380000293254852,
    "11": 0.0851999968290329,
    "7": 0.08550000190734863,
    "9": 0.08579999953508377
  },
  "6": {
    "6": 0.08129999786615372,
    "11": 0.08129999786615372,
    "3": 0.08179999887943268,
    "4": 0.08269999921321869,
    "2": 0.08320000022649765,
    "0": 0.08340000361204147,
    "8": 0.08370000123977661,
    "7": 0.08380000293254852,
    "5": 0.0843999981880188,
    "1": 0.08449999988079071,
    "10": 0.08479999750852585,
    "9": 0.08540000021457672
  },
  "7": {
    "0": 0.08049999922513962,
    "7": 0.08079999685287476,
    "10": 0.0820000022649765,
    "3": 0.08219999819993973,
    "1": 0.08269999921321869,
    "6": 0.08320000022649765,
    "2": 0.0843999981880188,
    "11": 0.08460000157356262,
    "4": 0.08470000326633453,
    "8": 0.0851999968290329,
    "5": 0.08560000360012054,
    "9": 0.08640000224113464
  },
  "8": {
    "4": 0.07919999957084656,
    "1": 0.08179999887943268,
    "10": 0.0820000022649765,
    "3": 0.08229999989271164,
    "7": 0.08269999921321869,
    "6": 0.08290000259876251,
    "11": 0.08290000259876251,
    "9": 0.08309999853372574,
    "5": 0.08330000191926956,
    "0": 0.08420000225305557,
    "8": 0.08510000258684158,
    "2": 0.08630000054836273
  },
  "9": {
    "5": 0.07959999889135361,
    "9": 0.08179999887943268,
    "10": 0.08299999684095383,
    "11": 0.08320000022649765,
    "1": 0.08340000361204147,
    "0": 0.08380000293254852,
    "7": 0.08429999649524689,
    "3": 0.08429999649524689,
    "6": 0.0851999968290329,
    "8": 0.0851999968290329,
    "4": 0.08540000021457672,
    "2": 0.08550000190734863
  },
  "10": {
    "3": 0.08100000023841858,
    "5": 0.08110000193119049,
    "10": 0.08160000294446945,
    "6": 0.08179999887943268,
    "4": 0.08290000259876251,
    "7": 0.08330000191926956,
    "2": 0.08340000361204147,
    "0": 0.0835999995470047,
    "11": 0.08380000293254852,
    "9": 0.08410000056028366,
    "1": 0.08410000056028366,
    "8": 0.08479999750852585
  },
  "11": {
    "5": 0.07999999821186066,
    "7": 0.08150000125169754,
    "11": 0.08190000057220459,
    "0": 0.08209999650716782,
    "1": 0.08250000327825546,
    "3": 0.08250000327825546,
    "8": 0.0828000009059906,
    "4": 0.08290000259876251,
    "6": 0.08340000361204147,
    "9": 0.08349999785423279,
    "10": 0.08389999717473984,
    "2": 0.08410000056028366
  }
}