{
  "0": {
    "0": 0.47510001063346863,
    "1": 0.49399998784065247,
    "2": 0.5012999773025513,
    "4": 0.5072000026702881,
    "3": 0.508899986743927,
    "7": 0.5146999955177307,
    "6": 0.5220000147819519,
    "8": 0.5249000191688538,
    "11": 0.5275999903678894,
    "9": 0.5322999954223633,
    "5": 0.5324000120162964,
    "10": 0.5325999855995178
  },
  "1": {
    "11": 0.3686999976634979,
    "10": 0.37220001220703125,
    "2": 0.3727000057697296,
    "7": 0.3736000061035156,
    "0": 0.3776000142097473,
    "3": 0.3797999918460846,
    "8": 0.3815999925136566,
    "6": 0.3831999897956848,
    "1": 0.3847000002861023,
    "9": 0.38530001044273376,
    "5": 0.3853999972343445,
    "4": 0.38690000772476196
  },
  "2": {
    "11": 0.3312000036239624,
    "8": 0.33320000767707825,
    "7": 0.33559998869895935,
    "5": 0.3368000090122223,
    "9": 0.33709999918937683,
    "4": 0.33799999952316284,
    "6": 0.3416000008583069,
    "3": 0.3427000045776367,
    "2": 0.3458999991416931,
    "10": 0.34619998931884766,
    "1": 0.35370001196861267,
    "0": 0.35839998722076416
  },
  "3": {
    "11": 0.2581999897956848,
    "10": 0.2605000138282776,
    "6": 0.2662999927997589,
    "8": 0.2689000070095062,
    "9": 0.27000001072883606,
    "7": 0.2702000141143799,
    "3": 0.2709999978542328,
    "4": 0.27639999985694885,
    "5": 0.2768000066280365,
    "2": 0.2883000075817108,
    "1": 0.3010999858379364,
    "0": 0.3287999927997589
  },
  "4": {
    "10": 0.2434999942779541,
    "6": 0.24619999527931213,
    "5": 0.2468000054359436,
    "8": 0.2483000010251999,
    "11": 0.249099999666214,
    "9": 0.24969999492168427,
    "7": 0.25110000371932983,
    "4": 0.25859999656677246,
    "3": 0.2587999999523163,
    "2": 0.27459999918937683,
    "1": 0.29120001196861267,
    "0": 0.3012000024318695
  },
  "5": {
    "7": 0.19670000672340393,
    "9": 0.19760000705718994,
    "11": 0.19910000264644623,
    "8": 0.19930000603199005,
    "6": 0.19990000128746033,
    "10": 0.2021999955177307,
    "5": 0.2126999944448471,
    "4": 0.22419999539852142,
    "3": 0.24320000410079956,
    "1": 0.25209999084472656,
    "2": 0.25870001316070557,
    "0": 0.2651999890804291
  },
  "6": {
    "8": 0.18880000710487366,
    "5": 0.19359999895095825,
    "11": 0.19380000233650208,
    "7": 0.19539999961853027,
    "6": 0.19589999318122864,
    "10": 0.19679999351501465,
    "4": 0.19789999723434448,
    "9": 0.20180000364780426,
    "3": 0.20839999616146088,
    "2": 0.23319999873638153,
    "1": 0.25049999356269836,
    "0": 0.273499995470047
  },
  "7": {
    "8": 0.1720999926328659,
    "9": 0.1745000034570694,
    "10": 0.1776999980211258,
    "11": 0.1777999997138977,
    "6": 0.17790000140666962,
    "7": 0.18080000579357147,
    "5": 0.19040000438690186,
    "4": 0.19529999792575836,
    "3": 0.2093999981880188,
    "2": 0.2160000056028366,
    "1": 0.22300000488758087,
    "0": 0.23810000717639923
  },
  "8": {
    "6": 0.15520000457763672,
    "8": 0.15539999306201935,
    "9": 0.15929999947547913,
    "11": 0.16110000014305115,
    "7": 0.16339999437332153,
    "10": 0.16509999334812164,
    "4": 0.16539999842643738,
    "5": 0.17249999940395355,
    "3": 0.18930000066757202,
    "2": 0.20479999482631683,
    "1": 0.210999995470047,
    "0": 0.23029999434947968
  },
  "9": {
    "7": 0.16859999299049377,
    "4": 0.17010000348091125,
    "8": 0.17419999837875366,
    "9": 0.1745000034570694,
    "10": 0.17479999363422394,
    "5": 0.17589999735355377,
    "11": 0.17990000545978546,
    "3": 0.181099995970726,
    "6": 0.18719999492168427,
    "2": 0.193900004029274,
    "1": 0.2264000028371811,
    "0": 0.24210000038146973
  },
  "10": {
    "10": 0.20360000431537628,
    "8": 0.20440000295639038,
    "4": 0.20829999446868896,
    "11": 0.21660000085830688,
    "6": 0.21709999442100525,
    "5": 0.21729999780654907,
    "7": 0.21789999306201935,
    "9": 0.21860000491142273,
    "3": 0.22460000216960907,
    "2": 0.24469999969005585,
    "1": 0.2556000053882599,
    "0": 0.26499998569488525
  },
  "11": {
    "3": 0.20829999446868896,
    "1": 0.2084999978542328,
    "0": 0.20919999480247498,
    "2": 0.21070000529289246,
    "7": 0.21080000698566437,
    "11": 0.21150000393390656,
    "9": 0.21160000562667847,
    "4": 0.2117999941110611,
    "8": 0.21230000257492065,
    "10": 0.21330000460147858,
    "5": 0.2152000069618225,
    "6": 0.2160000056028366
  }
}