{
  "0": {
    "8": 0.29660001397132874,
    "3": 0.3021000027656555,
    "14": 0.33489999175071716,
    "13": 0.3635999858379364,
    "9": 0.36730000376701355,
    "2": 0.37369999289512634,
    "5": 0.40059998631477356,
    "15": 0.42239999771118164,
    "7": 0.42890000343322754,
    "11": 0.4300999939441681,
    "4": 0.43630000948905945,
    "10": 0.453900009393692,
    "0": 0.4546000063419342,
    "1": 0.4819999933242798,
    "6": 0.4885999858379364,
    "12": 0.5325000286102295
  },
  "1": {
    "14": 0.17470000684261322,
    "7": 0.20110000669956207,
    "15": 0.20309999585151672,
    "13": 0.2125999927520752,
    "8": 0.21649999916553497,
    "11": 0.22089999914169312,
    "10": 0.22100000083446503,
    "1": 0.22220000624656677,
    "3": 0.23880000412464142,
    "12": 0.241799995303154,
    "4": 0.2434999942779541,
    "6": 0.31150001287460327,
    "2": 0.3222000002861023,
    "0": 0.32330000400543213,
    "5": 0.362199991941452,
    "9": 0.3659999966621399
  },
  "2": {
    "6": 0.13490000367164612,
    "11": 0.14139999449253082,
    "5": 0.14429999887943268,
    "13": 0.1477999985218048,
    "3": 0.15150000154972076,
    "10": 0.15240000188350677,
    "9": 0.15719999372959137,
    "7": 0.1615000069141388,
    "0": 0.16189999878406525,
    "15": 0.16329999268054962,
    "8": 0.17069999873638153,
    "12": 0.17499999701976776,
    "14": 0.18410000205039978,
    "4": 0.18870000541210175,
    "1": 0.19179999828338623,
    "2": 0.2533000111579895
  },
  "3": {
    "11": 0.12380000203847885,
    "7": 0.12449999898672104,
    "0": 0.125,
    "13": 0.12549999356269836,
    "9": 0.1273999959230423,
    "3": 0.1282999962568283,
    "1": 0.12939999997615814,
    "4": 0.12960000336170197,
    "10": 0.13600000739097595,
    "15": 0.13899999856948853,
    "14": 0.1395999938249588,
    "2": 0.14509999752044678,
    "8": 0.16009999811649323,
    "12": 0.17659999430179596,
    "6": 0.18410000205039978,
    "5": 0.19740000367164612
  },
  "4": {
    "10": 0.10540000349283218,
    "2": 0.10620000213384628,
    "3": 0.10639999806880951,
    "8": 0.10779999941587448,
    "14": 0.11079999804496765,
    "15": 0.11159999668598175,
    "7": 0.11320000141859055,
    "6": 0.11389999836683273,
    "0": 0.11659999936819077,
    "1": 0.11729999631643295,
    "5": 0.11810000240802765,
    "11": 0.11949999630451202,
    "4": 0.11969999969005585,
    "9": 0.12030000239610672,
    "12": 0.12060000002384186,
    "13": 0.1363999992609024
  },
  "5": {
    "10": 0.08089999854564667,
    "2": 0.08839999884366989,
    "7": 0.08969999849796295,
    "11": 0.09030000120401382,
    "3": 0.09080000221729279,
    "0": 0.09290000051259995,
    "12": 0.09290000051259995,
    "8": 0.0934000015258789,
    "13": 0.09359999746084213,
    "4": 0.09489999711513519,
    "1": 0.0949999988079071,
    "14": 0.09830000251531601,
    "6": 0.10220000147819519,
    "9": 0.10419999808073044,
    "5": 0.1111999973654747,
    "15": 0.11969999969005585
  },
  "6": {
    "11": 0.08100000023841858,
    "9": 0.08550000190734863,
    "14": 0.08659999817609787,
    "10": 0.0869000032544136,
    "13": 0.0885000005364418,
    "7": 0.09040000289678574,
    "0": 0.09070000052452087,
    "6": 0.09279999881982803,
    "3": 0.09359999746084213,
    "12": 0.09359999746084213,
    "15": 0.09449999779462814,
    "4": 0.09470000118017197,
    "1": 0.09640000015497208,
    "5": 0.0966000035405159,
    "8": 0.09799999743700027,
    "2": 0.10000000149011612
  },
  "7": {
    "5": 0.08129999786615372,
    "12": 0.08720000088214874,
    "15": 0.08780000358819962,
    "1": 0.09049999713897705,
    "2": 0.09080000221729279,
    "13": 0.09220000356435776,
    "8": 0.09279999881982803,
    "7": 0.09359999746084213,
    "14": 0.09369999915361404,
    "0": 0.09549999982118607,
    "3": 0.09600000083446503,
    "10": 0.0966000035405159,
    "4": 0.09709999710321426,
    "11": 0.10320000350475311,
    "9": 0.10700000077486038,
    "6": 0.1120000034570694
  },
  "8": {
    "10": 0.08169999718666077,
    "0": 0.08209999650716782,
    "12": 0.08240000158548355,
    "15": 0.08330000191926956,
    "3": 0.08420000225305557,
    "11": 0.08449999988079071,
    "9": 0.08479999750852585,
    "4": 0.08489999920129776,
    "13": 0.08489999920129776,
    "5": 0.08619999885559082,
    "14": 0.08649999648332596,
    "1": 0.08709999918937683,
    "7": 0.08730000257492065,
    "2": 0.08730000257492065,
    "6": 0.08919999748468399,
    "8": 0.0892999991774559
  },
  "9": {
    "10": 0.08429999649524689,
    "13": 0.08429999649524689,
    "11": 0.08529999852180481,
    "0": 0.08669999986886978,
    "14": 0.08709999918937683,
    "5": 0.09049999713897705,
    "9": 0.09229999780654907,
    "6": 0.09260000288486481,
    "2": 0.09290000051259995,
    "3": 0.09359999746084213,
    "15": 0.09380000084638596,
    "4": 0.09520000219345093,
    "8": 0.09929999709129333,
    "12": 0.09989999979734421,
    "1": 0.10100000351667404,
    "7": 0.10920000076293945
  },
  "10": {
    "1": 0.08429999649524689,
    "10": 0.08510000258684158,
    "15": 0.08869999647140503,
    "6": 0.08940000087022781,
    "7": 0.08950000256299973,
    "4": 0.09030000120401382,
    "13": 0.09070000052452087,
    "0": 0.09130000323057175,
    "5": 0.09269999712705612,
    "11": 0.09359999746084213,
    "12": 0.094200000166893,
    "14": 0.10130000114440918,
    "2": 0.10300000011920929,
    "3": 0.11100000143051147,
    "8": 0.13279999792575836,
    "9": 0.147599995136261
  },
  "11": {
    "2": 0.0786999985575676,
    "11": 0.07890000194311142,
    "12": 0.07970000058412552,
    "15": 0.08100000023841858,
    "13": 0.08179999887943268,
    "5": 0.08229999989271164,
    "3": 0.08229999989271164,
    "9": 0.0828000009059906,
    "14": 0.08309999853372574,
    "0": 0.08370000123977661,
    "8": 0.08640000224113464,
    "10": 0.08659999817609787,
    "4": 0.08739999681711197,
    "6": 0.09030000120401382,
    "7": 0.09589999914169312,
    "1": 0.09690000116825104
  },
  "12": {
    "10": 0.08389999717473984,
    "13": 0.08460000157356262,
    "14": 0.08470000326633453,
    "15": 0.08510000258684158,
    "5": 0.08569999784231186,
    "11": 0.08590000122785568,
    "8": 0.08730000257492065,
    "9": 0.08810000121593475,
    "2": 0.08959999680519104,
    "1": 0.09109999984502792,
    "7": 0.09139999747276306,
    "0": 0.09239999949932098,
    "4": 0.093299999833107,
    "12": 0.09449999779462814,
    "3": 0.10109999775886536,
    "6": 0.12449999898672104
  },
  "13": {
    "14": 0.08009999990463257,
    "11": 0.08049999922513962,
    "9": 0.0835999995470047,
    "10": 0.08429999649524689,
    "2": 0.08470000326633453,
    "0": 0.08489999920129776,
    "7": 0.08579999953508377,
    "15": 0.0868000015616417,
    "8": 0.0869000032544136,
    "3": 0.08720000088214874,
    "12": 0.08730000257492065,
    "6": 0.09019999951124191,
    "1": 0.0917000025510788,
    "5": 0.09179999679327011,
    "13": 0.09969999641180038,
    "4": 0.26269999146461487
  },
  "14": {
    "3": 0.07930000126361847,
    "15": 0.08209999650716782,
    "7": 0.0835999995470047,
    "5": 0.08550000190734863,
    "12": 0.08619999885559082,
    "4": 0.08630000054836273,
    "0": 0.08869999647140503,
    "10": 0.08900000154972076,
    "8": 0.08940000087022781,
    "11": 0.09019999951124191,
    "6": 0.09380000084638596,
    "2": 0.0940999984741211,
    "9": 0.09650000184774399,
    "1": 0.10729999840259552,
    "13": 0.12229999899864197,
    "14": 0.15029999613761902
  },
  "15": {
    "14": 0.0812000036239624,
    "10": 0.08349999785423279,
    "3": 0.08420000225305557,
    "11": 0.08649999648332596,
    "4": 0.08669999986886978,
    "5": 0.08709999918937683,
    "1": 0.08739999681711197,
    "9": 0.08739999681711197,
    "7": 0.08760000020265579,
    "6": 0.08900000154972076,
    "13": 0.09049999713897705,
    "15": 0.09229999780654907,
    "12": 0.09560000151395798,
    "2": 0.0957999974489212,
    "0": 0.10300000011920929,
    "8": 0.18860000371932983
  },
  "16": {
    "8": 0.08529999852180481,
    "12": 0.08590000122785568,